Actor ID ,Agency name,Abbreviation,Actor type,Address,Donor,Sector_Other,Sector,Program,Refugee Programming,Beneficiaries (per project),Detailed Activity description,Division,Parish,Start (year),Start (month),End (year),End (month)
18,Plan International Uganda,,International NGO,,,Basic services,Basic services (Environmental Conservation),,,3000 youth are empowered through clubs in 10 primary schools (both public and private),"The program 'Out Cities 2030' works in partnership with primary schools to promote positive environmental behaviours at the community level. Environmental clubs are created in the schools and organise community activities that include: awreness campaigns, street cleaning, advocacy campaigns for Corporate social Responsibility.",Kawempe ,,,01 July 2018,,01 December 2020
8,Uganda Red Cross Society (URCS),URCS,Governement auxiliary,,,Disaster Risk Management,Disaster Risk Management,,,National Project,"The Uganda Red Cross Society will implement the Innovative Approaches to Response Preparedness Project (IARP) supported by the Netherlands Red Cross for a period of five years (2018 to 2022). These innovative approaches include three project pillars Forecast based Financing, Cash Transfer Programing and Data Preparedness within the context of disaster preparedness, to be technically supported by the Red Cross Red Crescent Climate Centre, KRCS, with their regional CTP coordinator with support from British Red Cross and 510 respectively.",All,,,01 April 2018,,01 December 2022
22,Refuge and Hope International,,International NGO,,,Economic Empowerement,Economic Development,,,,Hope Unlimited- This project was set up to enable Refuge and Hope be more self-sustainable in the future. We do this through supporting refugee-initiated income generating startups and partnering with locally owned businesses. A fraction of profits from these businesses is then reverted to Refuge and Hope. ,Makindye,KANSANGA,,05 February 2018,,31 December 2018
6,International Rescue Committee,IRC,International NGO,,,Economic Empowerement,Economic Empowerment/Livelihoods,,,2500,Running Livelihoods Resource Center - involves training refugees and Ugandans in vocational and business skills as well as VSLA support.  The Centre provides information to different walk -in clients.,Makindye,MAKINDYE I,,02 January 2018,,09 January 2018
3,HOPE FOR REFUGEES IN ACTION,,Community Based Organisation,,,Economic Empowerement,"Economic empowrement, Adult Education, livelihood,SGBV",,,1200,Improving refugee integration's and self reliance,Makindye,KATWE II,,01 December 2015,,
3,HOPE FOR REFUGEES IN ACTION,,Community Based Organisation,,,Economic Empowerement,"Economic empowrement, Adult Education, livelihood,SGBV",,,1200,Improving refugee integration's and self reliance,Makindye,KATWE II,,01 December 2015,,
9,Young African refugees for Integral Development,YARID,National NGO,,,"Information, Counselling and Legal Assistance (ICLA)",Education,,,210,Bridge to formal schooling for refugee children,Makindye,KATWE I,,01 August 2015,,01 February 2018
21,Xavier Project,,National NGO,,,"Information, Counselling and Legal Assistance (ICLA)",Education,,,352,"Empowerement of English language,Sponsorship of refugees,Empowerement and training of teachers to use correct methodologies.","Makindye,Rubaga",KATWE I,2009,,,
21,Xavier Project,,National NGO,,,"Information, Counselling and Legal Assistance (ICLA)",Education,,,352,"Empowerement of English language,Sponsorship of refugees,Empowerement and training of teachers to use correct methodologies.","Makindye,Rubaga",NAJJANANKUMBI I,2009,,,
21,Xavier Project,,National NGO,,,"Information, Counselling and Legal Assistance (ICLA)",Education,,,352,"Empowerement of English language,Sponsorship of refugees,Empowerement and training of teachers to use correct methodologies.","Makindye,Rubaga",NSAMBYA CENTRAL,2009,,,
22,Refuge and Hope International,,International NGO,,,"Information, Counselling and Legal Assistance (ICLA)","Education, 
Advocacy
Livelihoods
Economic Development",,,1100,"Center of Hope - We empower refugees and the host communities with language skills  through our ESL classes. We also offer job skills training (Cooking, Hairdressing, Tailoring,business classes etc.)
Advocacy done through class lessons (eg, WASH programs, Refugee Rights etc)",Makindye,KANSANGA,,05 January 2018,,07 December 2018
12,AVSI,AVSI,International Organisation / UN Agency,,,"Information, Counselling and Legal Assistance (ICLA)","Education, Economic strengthening, Food and nutrition, Psycho social support and recreation activities, Child Protection and Legal support, Water and Sanitation, Health, Shelter, Skills building through Vocational training and apprenticeship training for Youths",,,1747,"Distance Support project(DSP) is one of the oldest projects implemented by AVSI  since 1994 in Uganda. The project originally focused on the need of  Education and basic needs for the child and the family. It  has gradually evolved and uses a multi sectoral approach to support the child and the family. DSP project has flexibility to respond to the divesre needs of the child and family and implements  all the  main OVC Core Program Areas as highlighted in the sector column. It is a continuos project that depend s on the availability of a donor/sponsor who is willing to sponsor a child.  The project's main activities include: payment of  school fees and scholastic materials for children at all levels, Support to school development programs including infrastructural development, equipment and acquisition of resource materials, suppport to vocational skills training of youths, provision of basic care and support to chronically ill or disabled children, support access shelter, and clean water to institutions and families, follow up on child abuse/ child protection cases, economic empowerement programs that include provision of IGA start up capital, VSLA, market oriented trainings among many other interventions. ",All,BUKOTO I,,16 June 1905,,Continuing project 
12,AVSI,AVSI,International Organisation / UN Agency,,,"Information, Counselling and Legal Assistance (ICLA)","Education, Economic strengthening, Food and nutrition, Psycho social support and recreation activities, Child Protection and Legal support, Water and Sanitation, Health, Shelter, Skills building through Vocational training and apprenticeship training for Youths",,,1747,"Distance Support project(DSP) is one of the oldest projects implemented by AVSI  since 1994 in Uganda. The project originally focused on the need of  Education and basic needs for the child and the family. It  has gradually evolved and uses a multi sectoral approach to support the child and the family. DSP project has flexibility to respond to the divesre needs of the child and family and implements  all the  main OVC Core Program Areas as highlighted in the sector column. It is a continuos project that depend s on the availability of a donor/sponsor who is willing to sponsor a child.  The project's main activities include: payment of  school fees and scholastic materials for children at all levels, Support to school development programs including infrastructural development, equipment and acquisition of resource materials, suppport to vocational skills training of youths, provision of basic care and support to chronically ill or disabled children, support access shelter, and clean water to institutions and families, follow up on child abuse/ child protection cases, economic empowerement programs that include provision of IGA start up capital, VSLA, market oriented trainings among many other interventions. ",All,KAMWOKYA I,,16 June 1905,,Continuing project 
12,AVSI,AVSI,International Organisation / UN Agency,,,"Information, Counselling and Legal Assistance (ICLA)","Education, Economic strengthening, Food and nutrition, Psycho social support and recreation activities, Child Protection and Legal support, Water and Sanitation, Health, Shelter, Skills building through Vocational training and apprenticeship training for Youths",,,1747,"Distance Support project(DSP) is one of the oldest projects implemented by AVSI  since 1994 in Uganda. The project originally focused on the need of  Education and basic needs for the child and the family. It  has gradually evolved and uses a multi sectoral approach to support the child and the family. DSP project has flexibility to respond to the divesre needs of the child and family and implements  all the  main OVC Core Program Areas as highlighted in the sector column. It is a continuos project that depend s on the availability of a donor/sponsor who is willing to sponsor a child.  The project's main activities include: payment of  school fees and scholastic materials for children at all levels, Support to school development programs including infrastructural development, equipment and acquisition of resource materials, suppport to vocational skills training of youths, provision of basic care and support to chronically ill or disabled children, support access shelter, and clean water to institutions and families, follow up on child abuse/ child protection cases, economic empowerement programs that include provision of IGA start up capital, VSLA, market oriented trainings among many other interventions. ",All,MAKINDYE II,,16 June 1905,,Continuing project 
12,AVSI,AVSI,International Organisation / UN Agency,,,"Information, Counselling and Legal Assistance (ICLA)","Education, Economic strengthening, Food and nutrition, Psycho social support and recreation activities, Child Protection and Legal support, Water and Sanitation, Health, Shelter, Skills building through Vocational training and apprenticeship training for Youths",,,1747,"Distance Support project(DSP) is one of the oldest projects implemented by AVSI  since 1994 in Uganda. The project originally focused on the need of  Education and basic needs for the child and the family. It  has gradually evolved and uses a multi sectoral approach to support the child and the family. DSP project has flexibility to respond to the divesre needs of the child and family and implements  all the  main OVC Core Program Areas as highlighted in the sector column. It is a continuos project that depend s on the availability of a donor/sponsor who is willing to sponsor a child.  The project's main activities include: payment of  school fees and scholastic materials for children at all levels, Support to school development programs including infrastructural development, equipment and acquisition of resource materials, suppport to vocational skills training of youths, provision of basic care and support to chronically ill or disabled children, support access shelter, and clean water to institutions and families, follow up on child abuse/ child protection cases, economic empowerement programs that include provision of IGA start up capital, VSLA, market oriented trainings among many other interventions. ",All,NSAMBYA CENTRAL,,16 June 1905,,Continuing project 
20,AAFCAD,AAFCAD,National NGO,,,Education,"Education,health",,,8000,"vocational school, community health sensitization",Makindye,KABALAGALA,,01 January 2016,,01 December 2020
20,AAFCAD,AAFCAD,National NGO,,,Education,"Education,health",,,8000,"vocational school, community health sensitization",Makindye,KATWE II,,01 January 2016,,01 December 2020
7,Norwegian Refugee Council (NRC),NRC,International NGO,,,"Information, Counselling and Legal Assistance (ICLA)","Information, Counselling and Legal Assistance (ICLA)",,,4275,"Provision of group information sessions on protection,  rights, remedies and entitlements, Provision of trainings on Housling, land and property, dispute resolution and legal identity documents, provision of legal assistance through implementing partners and local legal aid actors, legal counseling and referral of cases for appropropriate support and intervention, reseach and publicatio  to inform programming and evidence based advocacy","Central, Makindye, Kawempe",BWAISE II,,01 January 2018,,01 December 2018
7,Norwegian Refugee Council (NRC),NRC,International NGO,,,"Information, Counselling and Legal Assistance (ICLA)","Information, Counselling and Legal Assistance (ICLA)",,,4275,"Provision of group information sessions on protection,  rights, remedies and entitlements, Provision of trainings on Housling, land and property, dispute resolution and legal identity documents, provision of legal assistance through implementing partners and local legal aid actors, legal counseling and referral of cases for appropropriate support and intervention, reseach and publicatio  to inform programming and evidence based advocacy","Central, Makindye, Kawempe",KANSANGA,,01 January 2018,,01 December 2018
7,Norwegian Refugee Council (NRC),NRC,International NGO,,,"Information, Counselling and Legal Assistance (ICLA)","Information, Counselling and Legal Assistance (ICLA)",,,4275,"Provision of group information sessions on protection,  rights, remedies and entitlements, Provision of trainings on Housling, land and property, dispute resolution and legal identity documents, provision of legal assistance through implementing partners and local legal aid actors, legal counseling and referral of cases for appropropriate support and intervention, reseach and publicatio  to inform programming and evidence based advocacy","Central, Makindye, Kawempe",KATWE II,,01 January 2018,,01 December 2018
7,Norwegian Refugee Council (NRC),NRC,International NGO,,,"Information, Counselling and Legal Assistance (ICLA)","Information, Counselling and Legal Assistance (ICLA)",,,4275,"Provision of group information sessions on protection,  rights, remedies and entitlements, Provision of trainings on Housling, land and property, dispute resolution and legal identity documents, provision of legal assistance through implementing partners and local legal aid actors, legal counseling and referral of cases for appropropriate support and intervention, reseach and publicatio  to inform programming and evidence based advocacy","Central, Makindye, Kawempe",KAWEMPE I,,01 January 2018,,01 December 2018
7,Norwegian Refugee Council (NRC),NRC,International NGO,,,"Information, Counselling and Legal Assistance (ICLA)","Information, Counselling and Legal Assistance (ICLA)",,,4275,"Provision of group information sessions on protection,  rights, remedies and entitlements, Provision of trainings on Housling, land and property, dispute resolution and legal identity documents, provision of legal assistance through implementing partners and local legal aid actors, legal counseling and referral of cases for appropropriate support and intervention, reseach and publicatio  to inform programming and evidence based advocacy","Central, Makindye, Kawempe",KAZO ANGOLA,,01 January 2018,,01 December 2018
7,Norwegian Refugee Council (NRC),NRC,International NGO,,,"Information, Counselling and Legal Assistance (ICLA)","Information, Counselling and Legal Assistance (ICLA)",,,4275,"Provision of group information sessions on protection,  rights, remedies and entitlements, Provision of trainings on Housling, land and property, dispute resolution and legal identity documents, provision of legal assistance through implementing partners and local legal aid actors, legal counseling and referral of cases for appropropriate support and intervention, reseach and publicatio  to inform programming and evidence based advocacy","Central, Makindye, Kawempe",KISENYI III,,01 January 2018,,01 December 2018
7,Norwegian Refugee Council (NRC),NRC,International NGO,,,"Information, Counselling and Legal Assistance (ICLA)","Information, Counselling and Legal Assistance (ICLA)",,,4275,"Provision of group information sessions on protection,  rights, remedies and entitlements, Provision of trainings on Housling, land and property, dispute resolution and legal identity documents, provision of legal assistance through implementing partners and local legal aid actors, legal counseling and referral of cases for appropropriate support and intervention, reseach and publicatio  to inform programming and evidence based advocacy","Central, Makindye, Kawempe",LUNGUJJA,,01 January 2018,,01 December 2018
7,Norwegian Refugee Council (NRC),NRC,International NGO,,,"Information, Counselling and Legal Assistance (ICLA)","Information, Counselling and Legal Assistance (ICLA)",,,4275,"Provision of group information sessions on protection,  rights, remedies and entitlements, Provision of trainings on Housling, land and property, dispute resolution and legal identity documents, provision of legal assistance through implementing partners and local legal aid actors, legal counseling and referral of cases for appropropriate support and intervention, reseach and publicatio  to inform programming and evidence based advocacy","Central, Makindye, Kawempe",MENGO,,01 January 2018,,01 December 2018
7,Norwegian Refugee Council (NRC),NRC,International NGO,,,"Information, Counselling and Legal Assistance (ICLA)","Information, Counselling and Legal Assistance (ICLA)",,,4275,"Provision of group information sessions on protection,  rights, remedies and entitlements, Provision of trainings on Housling, land and property, dispute resolution and legal identity documents, provision of legal assistance through implementing partners and local legal aid actors, legal counseling and referral of cases for appropropriate support and intervention, reseach and publicatio  to inform programming and evidence based advocacy","Central, Makindye, Kawempe",NAKULABYE I,,01 January 2018,,01 December 2018
18,Plan International Uganda,,International NGO,,,Livelihood,Livelihood,,,30 young entrepreneurs every three months. The numbers are going to increase with the opening of the two additional centers,"The 'Smart Up factory' program empowers young entrepreneurs to develop their projects in technology, urban farming and videography through hubs (incubators). The first hubs started operating in 2016. Two additional hubs are under opening, with collaboration from KCCA.","Kawempe, Makindye and Central",KABALAGALA,,01 June 2016,,01 June 2020
21,Xavier Project,,National NGO,,,Livelihood,Livelihood,,,205,"community enterprise cycle,capacity building in leadership and management,Art and craft.","Makindye,Rubaga",KABALAGALA,2012,,,
21,Xavier Project,,National NGO,,,Livelihood,Livelihood,,,205,"community enterprise cycle,capacity building in leadership and management,Art and craft.","Makindye,Rubaga",KATWE I,2012,,,
18,Plan International Uganda,,International NGO,,,Livelihood,Livelihood,,,30 young entrepreneurs every three months. The numbers are going to increase with the opening of the two additional centers,"The 'Smart Up factory' program empowers young entrepreneurs to develop their projects in technology, urban farming and videography through hubs (incubators). The first hubs started operating in 2016. Two additional hubs are under opening, with collaboration from KCCA.","Kawempe, Makindye and Central",KAWEMPE,,01 June 2016,,01 June 2020
9,Young African refugees for Integral Development,YARID,National NGO,,,Livelihood,livelihood,,,,"English training, women empowerment project",Rubaga,LUBYA,,11 July 1905,,
18,Plan International Uganda,,International NGO,,,Livelihood,Livelihood,,,30 young entrepreneurs every three months. The numbers are going to increase with the opening of the two additional centers,"The 'Smart Up factory' program empowers young entrepreneurs to develop their projects in technology, urban farming and videography through hubs (incubators). The first hubs started operating in 2016. Two additional hubs are under opening, with collaboration from KCCA.","Kawempe, Makindye and Central",NAKASERO I,,01 June 2016,,01 June 2020
21,Xavier Project,,National NGO,,,Livelihood,Livelihood,,,205,"community enterprise cycle,capacity building in leadership and management,Art and craft.","Makindye,Rubaga",NSAMBYA CENTRAL,2012,,,
18,Plan International Uganda,,International NGO,,,Livelihood,"Livelihood, Basic services, Social assistance",,,250 per year,"The program 'Safe and inclusive cities for young women and men' supports informal economic actorswho run small businesses to formalize their economic activities as per KCCA's framework. The program also advocates for the rights and better conditions of business for small business holders. At the community level, communities are empowereed to identify security issues and address them through secrity and safety action plans. Transport agencies are involved in the process.",All ,BANDA,,01 May 2018,,01 April 2022
18,Plan International Uganda,,International NGO,,,Livelihood,"Livelihood, Basic services, Social assistance",,,250 per year,"The program 'Safe and inclusive cities for young women and men' supports informal economic actorswho run small businesses to formalize their economic activities as per KCCA's framework. The program also advocates for the rights and better conditions of business for small business holders. At the community level, communities are empowereed to identify security issues and address them through secrity and safety action plans. Transport agencies are involved in the process.",All ,BWAISE I,,01 May 2018,,01 April 2022
18,Plan International Uganda,,International NGO,,,Livelihood,"Livelihood, Basic services, Social assistance",,,250 per year,"The program 'Safe and inclusive cities for young women and men' supports informal economic actorswho run small businesses to formalize their economic activities as per KCCA's framework. The program also advocates for the rights and better conditions of business for small business holders. At the community level, communities are empowereed to identify security issues and address them through secrity and safety action plans. Transport agencies are involved in the process.",All ,KAGUGUBE,,01 May 2018,,01 April 2022
18,Plan International Uganda,,International NGO,,,Livelihood,"Livelihood, Basic services, Social assistance",,,250 per year,"The program 'Safe and inclusive cities for young women and men' supports informal economic actorswho run small businesses to formalize their economic activities as per KCCA's framework. The program also advocates for the rights and better conditions of business for small business holders. At the community level, communities are empowereed to identify security issues and address them through secrity and safety action plans. Transport agencies are involved in the process.",All ,KAMWOKYA I,,01 May 2018,,01 April 2022
18,Plan International Uganda,,International NGO,,,Livelihood,"Livelihood, Basic services, Social assistance",,,250 per year,"The program 'Safe and inclusive cities for young women and men' supports informal economic actorswho run small businesses to formalize their economic activities as per KCCA's framework. The program also advocates for the rights and better conditions of business for small business holders. At the community level, communities are empowereed to identify security issues and address them through secrity and safety action plans. Transport agencies are involved in the process.",All ,KATWE I,,01 May 2018,,01 April 2022
18,Plan International Uganda,,International NGO,,,Livelihood,"Livelihood, Basic services, Social assistance",,,400 commercial sex workers,The program Partnership Of Empowerment Of Vulnerable Girls And Young Women In The Slum Of Kampala City (Pevus) empowers and support sex workers and vulnerable individuals. It provides early child care and livelihood trainings to give alternatives to sex workers. It also supports health centers to provide better medical care to this target group.,Kawempe,KAWEMPE I,,01 July 2018,,01 July 2020
18,Plan International Uganda,,International NGO,,,Livelihood,"Livelihood, Basic services, Social assistance",,,250 per year,"The program 'Safe and inclusive cities for young women and men' supports informal economic actorswho run small businesses to formalize their economic activities as per KCCA's framework. The program also advocates for the rights and better conditions of business for small business holders. At the community level, communities are empowereed to identify security issues and address them through secrity and safety action plans. Transport agencies are involved in the process.",All ,KIBUYE I,,01 May 2018,,01 April 2022
18,Plan International Uganda,,International NGO,,,Livelihood,"Livelihood, Basic services, Social assistance",,,250 per year,"The program 'Safe and inclusive cities for young women and men' supports informal economic actorswho run small businesses to formalize their economic activities as per KCCA's framework. The program also advocates for the rights and better conditions of business for small business holders. At the community level, communities are empowereed to identify security issues and address them through secrity and safety action plans. Transport agencies are involved in the process.",All ,LUNGUJJA,,01 May 2018,,01 April 2022
18,Plan International Uganda,,International NGO,,,Livelihood,"Livelihood, Basic services, Social assistance",,,250 per year,"The program 'Safe and inclusive cities for young women and men' supports informal economic actorswho run small businesses to formalize their economic activities as per KCCA's framework. The program also advocates for the rights and better conditions of business for small business holders. At the community level, communities are empowereed to identify security issues and address them through secrity and safety action plans. Transport agencies are involved in the process.",All ,MAKERERE III,,01 May 2018,,01 April 2022
18,Plan International Uganda,,International NGO,,,Livelihood,"Livelihood, Basic services, Social assistance",,,250 per year,"The program 'Safe and inclusive cities for young women and men' supports informal economic actorswho run small businesses to formalize their economic activities as per KCCA's framework. The program also advocates for the rights and better conditions of business for small business holders. At the community level, communities are empowereed to identify security issues and address them through secrity and safety action plans. Transport agencies are involved in the process.",All ,MBUYA I,,01 May 2018,,01 April 2022
18,Plan International Uganda,,International NGO,,,Livelihood,"Livelihood, Basic services, Social assistance",,,250 per year,"The program 'Safe and inclusive cities for young women and men' supports informal economic actorswho run small businesses to formalize their economic activities as per KCCA's framework. The program also advocates for the rights and better conditions of business for small business holders. At the community level, communities are empowereed to identify security issues and address them through secrity and safety action plans. Transport agencies are involved in the process.",All ,NAKULABYE,,01 May 2018,,01 April 2022
14,ACTogether Uganda,,National NGO,,,Livelihood,Livelihoods / Economic Development,,,,"Strengthening Social Cohesion and Stability in Slum Populations, Kampala",Kawempe,BWAISE I,,01 August 2018,,31 August 2019
20,AAFCAD,AAFCAD,National NGO,,,Livelihood,Livelihoods / Economic Development,,,7500,Provision of basic income generation skills (7500 individuals),Kawempe,BWAISE I,,01 January 2016,,01 December 2020
14,ACTogether Uganda,,National NGO,,,Livelihood,Livelihoods / Economic Development,,,,"Strengthening Social Cohesion and Stability in Slum Populations, Kampala",Kawempe,BWAISE II,,01 August 2018,,31 August 2019
14,ACTogether Uganda,,National NGO,,,Livelihood,Livelihoods / Economic Development,,,,"Strengthening Social Cohesion and Stability in Slum Populations, Kampala",Kawempe,BWAISE III,,01 August 2018,,31 August 2019
20,AAFCAD,AAFCAD,National NGO,,,Livelihood,Livelihoods / Economic Development,,,7500,Provision of basic income generation skills (7500 individuals),Kawempe,KAWEMPE,,01 January 2016,,01 December 2020
14,ACTogether Uganda,,National NGO,,,Livelihood,Livelihoods / Economic Development,,,,Supporting the activities of the National Slum Dwellers Federation of Uganda,All,,,01 April 2018,,31 March 2019
15,Bondeko livelihood center,,National NGO,,,Livelihood,Livelihoods / Economic Development/ Shelter,,,3500,"Bakery, Mushroom growing, savings, education for adults (english, business), IT, english class for children, cultural activities (dance, music), sports, home care (for new refugees with no connection), Orientation ( for the assylum process guidance and referring cases through the framework for service)",Makindye,MAKINDYE I,1997,,,N/A
16,COMESSA Uganda,COMESSA,National NGO,,,Livelihood,Livelihoods / Economic Development/Education,,,"about 10,000","Provision of basic income generation skills ,Access to BTVET Training services and SME and loan schedule",All,BWAISE II,,01 June 2018,,OPEN
16,COMESSA Uganda,COMESSA,National NGO,,,Livelihood,Livelihoods / Economic Development/Education,,,"about 10,000","Provision of basic income generation skills ,Access to BTVET Training services and SME and loan schedule",All,KAWEMPE,,01 June 2018,,OPEN
16,COMESSA Uganda,COMESSA,National NGO,,,Livelihood,Livelihoods / Economic Development/Education,,,"about 10,000","Provision of basic income generation skills ,Access to BTVET Training services and SME and loan schedule",All,KAZO ANGOLA,,01 June 2018,,OPEN
16,COMESSA Uganda,COMESSA,National NGO,,,Livelihood,Livelihoods / Economic Development/Education,,,"about 10,000","Provision of basic income generation skills ,Access to BTVET Training services and SME and loan schedule",All,NAKULABYE,,01 June 2018,,OPEN
9,Young African refugees for Integral Development,YARID,National NGO,,,Livelihood,Livelihoods / information sessions/ ,,,,computer and social media training. Community hub. English training,Makindye,NSAMBYA GOGGONYA,,07 July 1905,,10 July 1905
22,Refuge and Hope International,,International NGO,,,Livelihood,"Livelihoods
Protection
Social Services
Advocacy",,,36,"Women's Rehabilitation Shelter program addresses refugees' needs using a holistic approach through Therapeutic Counseling, leadership and skills training courses , awareness on GBV and human rights are addressed.",Makindye,KANSANGA,,05 January 2018,,07 December 2018
5,I AM Family Minitries ,,National NGO,,,Livelihood,"Livelihoods(saving programs),Health care,counselling,",,,1000,"Empower communities,Develop talent and create opportunities",Rubaga,BUSEGA,,01 April 2017,,01 January 2019
5,I AM Family Minitries ,,National NGO,,,Livelihood,"Livelihoods(saving programs),Health care,counselling,",,,1000,"Empower communities,Develop talent and create opportunities",Rubaga,LUNGUJJA,,01 April 2017,,01 January 2019
5,I AM Family Minitries ,,National NGO,,,Livelihood,"Livelihoods(saving programs),Health care,counselling,",,,1000,"Empower communities,Develop talent and create opportunities",Rubaga,NAMIREMBE,,01 April 2017,,01 January 2019
5,I AM Family Minitries ,,National NGO,,,Livelihood,"Livelihoods(saving programs),Health care,counselling,",,,1000,"Empower communities,Develop talent and create opportunities",Rubaga,NANKULABYE I,,01 April 2017,,01 January 2019
5,I AM Family Minitries ,,National NGO,,,Livelihood,"Livelihoods(saving programs),Health care,counselling,",,,1000,"Empower communities,Develop talent and create opportunities",Rubaga,NANSANA,,01 April 2017,,01 January 2019
12,AVSI,AVSI,International Organisation / UN Agency,,,Livelihood,"Livelihoods,social support/community assistance",,,15000,"Build,strengthen and restore the livelihood of households affected by the clearance of the right of way( ROW) during the construction of Kampala Jinja Expressway project.",All Divisions,BUKOTO I,,01 August 2018,,01 July 2021
12,AVSI,AVSI,International Organisation / UN Agency,,,Livelihood,"Livelihoods,social support/community assistance",,,15000,"Build,strengthen and restore the livelihood of households affected by the clearance of the right of way( ROW) during the construction of Kampala Jinja Expressway project.",All Divisions,MBUYA I,,01 August 2018,,01 July 2021
4,HOCW ,HOCW ,National NGO,,,Livelihood,Livelihoods/ Economic Development ,,,350,Provision of basic income generation skills ( 350 individuals ),Makindye ,KATWE ,,01 February 2017,,01 October 2019
10,International Organization for Migration (IOM),,International Organisation / UN Agency,,,Livelihood,livelihoods/ Economic empowerment ,,,,Strenghening Social Cohesion in Slum areas: Support for smal businesses,Makindye,KATWE I,,01 August 2017,,
9,Young African refugees for Integral Development,YARID,National NGO,,,Livelihood,livelihoods/ vocational training,,,,Women empowerment project focussing on tailoring and handcrafts making,Makindye,KATWE I,,05 July 1905,,
19,InterAid Uganda,,National NGO,,,Multi Sector,"Multi sectoral (Health, Education, Energy, Livelohood, Protection and Community Services, Reasearch and Advocacy)",,,100000,"Cordination and support to service delivery for refugees and the host community through the established public (KCCA) structures, Reasech and advocacy for inclusion in Social service delivery",All,,,01 January 2018,,01 December 2018
6,International Rescue Committee,IRC,International NGO,,,Multi Sector,Multisector ,,,TBD,Implementation of area-based approach- would involve current and prospective service providers in one neighborhood across sectors. IRC would likely take a Liveilhoods and Protection/GBV role. ,TBD,,,TBD,,TBD
1,AGORA,AGORA,International NGO,,,Multi Sector,Multisector / research / institutional cooperation,,,about 250 000,multisector needs assessment for host communities and refugees. Institutional cooperation and support for KCCA at the central level. Support to coordination,"Central, Rubaga, Makindye, Kawempe",BWAISE II,,01 December 2017,,01 August 2018
1,AGORA,AGORA,International NGO,,,Multi Sector,Multisector / research / institutional cooperation,,,about 250 000,multisector needs assessment for host communities and refugees. Institutional cooperation and support for KCCA at the central level. Support to coordination,"Central, Rubaga, Makindye, Kawempe",KANSANGA,,01 December 2017,,01 August 2018
1,AGORA,AGORA,International NGO,,,Multi Sector,Multisector / research / institutional cooperation,,,about 250 000,multisector needs assessment for host communities and refugees. Institutional cooperation and support for KCCA at the central level. Support to coordination,"Central, Rubaga, Makindye, Kawempe",KATWE II,,01 December 2017,,01 August 2018
1,AGORA,AGORA,International NGO,,,Multi Sector,Multisector / research / institutional cooperation,,,about 250 000,multisector needs assessment for host communities and refugees. Institutional cooperation and support for KCCA at the central level. Support to coordination,"Central, Rubaga, Makindye, Kawempe",KAWEMPE I,,01 December 2017,,01 August 2018
1,AGORA,AGORA,International NGO,,,Multi Sector,Multisector / research / institutional cooperation,,,about 250 000,multisector needs assessment for host communities and refugees. Institutional cooperation and support for KCCA at the central level. Support to coordination,"Central, Rubaga, Makindye, Kawempe",KAZO ANGOLA,,01 December 2017,,01 August 2018
1,AGORA,AGORA,International NGO,,,Multi Sector,Multisector / research / institutional cooperation,,,about 250 000,multisector needs assessment for host communities and refugees. Institutional cooperation and support for KCCA at the central level. Support to coordination,"Central, Rubaga, Makindye, Kawempe",KISENYI III,,01 December 2017,,01 August 2018
1,AGORA,AGORA,International NGO,,,Multi Sector,Multisector / research / institutional cooperation,,,about 250 000,multisector needs assessment for host communities and refugees. Institutional cooperation and support for KCCA at the central level. Support to coordination,"Central, Rubaga, Makindye, Kawempe",LUNGUJJA,,01 December 2017,,01 August 2018
1,AGORA,AGORA,International NGO,,,Multi Sector,Multisector / research / institutional cooperation,,,about 250 000,multisector needs assessment for host communities and refugees. Institutional cooperation and support for KCCA at the central level. Support to coordination,"Central, Rubaga, Makindye, Kawempe",MENGO,,01 December 2017,,01 August 2018
1,AGORA,AGORA,International NGO,,,Multi Sector,Multisector / research / institutional cooperation,,,about 250 000,multisector needs assessment for host communities and refugees. Institutional cooperation and support for KCCA at the central level. Support to coordination,"Central, Rubaga, Makindye, Kawempe",NAKULABYE I,,01 December 2017,,01 August 2018
2,AGORA/ACTED,AGORA/ACTED,International NGO,,,Multi Sector,Multisector / research / institutional cooperation / delivery of social services,,,20000 Households,Improvement of delivery and access to basic social services. multisector needs assessment for host communities and refugees. Institutional cooperation and technical assistance for KCCA. Support ot coordination.,All,,,01 December 2018,,01 December 2020
17,Jesuit Refugee Service (JRS),JRS,International NGO,,,Multi Sector,"Multisector: Livelihoods, Education, Basic Needs, Psychosocial",,,6000,"Livelihoods (Catering, Hairdressing, Tailoring, Computers, Arts & Crafts, Electronics Repair); Education (English as Second Language for adults, Primary and Secondary School sponsorship); Basic Needs (food, rental, minor medical support); Psychosocial counseling and referrals.",Makindye,NSAMBYA CENTRAL,,01 January 2018,,01 December 2018
18,Plan International Uganda,,International NGO,,,Protection,"Protection,  social assistance",,,"1200 girls out-of-school, 600 schooled girls, 600 out-of-school boys and 340 boys in schools.","The program 'Safer Cities for Girls Programme' Builds Safe, accountable and inclusive cities for and with girls in all their diversity,   empowers young girls to know and advocate for their rights, and also involves young boys who are sensitized about girls' rights. The program is undertaken in partnership with schools. ","Kawempe, Rubaga, Makindye",BWAISE III,,01 June 2015,,01 December 2018
18,Plan International Uganda,,International NGO,,,Protection,"Protection,  social assistance",,,"1200 girls out-of-school, 600 schooled girls, 600 out-of-school boys and 340 boys in schools.","The program 'Safer Cities for Girls Programme' Builds Safe, accountable and inclusive cities for and with girls in all their diversity,   empowers young girls to know and advocate for their rights, and also involves young boys who are sensitized about girls' rights. The program is undertaken in partnership with schools. ","Kawempe, Rubaga, Makindye",GGABA,,01 June 2015,,01 December 2018
18,Plan International Uganda,,International NGO,,,Protection,"Protection,  social assistance",,,"1200 girls out-of-school, 600 schooled girls, 600 out-of-school boys and 340 boys in schools.","The program 'Safer Cities for Girls Programme' Builds Safe, accountable and inclusive cities for and with girls in all their diversity,   empowers young girls to know and advocate for their rights, and also involves young boys who are sensitized about girls' rights. The program is undertaken in partnership with schools. ","Kawempe, Rubaga, Makindye",KABALAGALA,,01 June 2015,,01 December 2018
18,Plan International Uganda,,International NGO,,,Protection,"Protection,  social assistance",,,"1200 girls out-of-school, 600 schooled girls, 600 out-of-school boys and 340 boys in schools.","The program 'Safer Cities for Girls Programme' Builds Safe, accountable and inclusive cities for and with girls in all their diversity,   empowers young girls to know and advocate for their rights, and also involves young boys who are sensitized about girls' rights. The program is undertaken in partnership with schools. ","Kawempe, Rubaga, Makindye",KAWEMPE I,,01 June 2015,,01 December 2018
18,Plan International Uganda,,International NGO,,,Protection,"Protection,  social assistance",,,"1200 girls out-of-school, 600 schooled girls, 600 out-of-school boys and 340 boys in schools.","The program 'Safer Cities for Girls Programme' Builds Safe, accountable and inclusive cities for and with girls in all their diversity,   empowers young girls to know and advocate for their rights, and also involves young boys who are sensitized about girls' rights. The program is undertaken in partnership with schools. ","Kawempe, Rubaga, Makindye",KISUGU,,01 June 2015,,01 December 2018
18,Plan International Uganda,,International NGO,,,Protection,"Protection,  social assistance",,,"1200 girls out-of-school, 600 schooled girls, 600 out-of-school boys and 340 boys in schools.","The program 'Safer Cities for Girls Programme' Builds Safe, accountable and inclusive cities for and with girls in all their diversity,   empowers young girls to know and advocate for their rights, and also involves young boys who are sensitized about girls' rights. The program is undertaken in partnership with schools. ","Kawempe, Rubaga, Makindye",NANKULABYE I,,01 June 2015,,01 December 2018
16,COMESSA Uganda,COMESSA,National NGO,,,Protection,"Protection,Livelihood/Economic development and education",,,about 5000,"Psychosocial support, Caunseling and carrier guidance, Domestic violence and local council capacity building programs",All,BWAISE I,,01 July 2005,,Open
16,COMESSA Uganda,COMESSA,National NGO,,,Protection,"Protection,Livelihood/Economic development and education",,,about 5000,"Psychosocial support, Caunseling and carrier guidance, Domestic violence and local council capacity building programs",All,KAWEMPE I,,01 July 2005,,Open
16,COMESSA Uganda,COMESSA,National NGO,,,Protection,"Protection,Livelihood/Economic development and education",,,about 5000,"Psychosocial support, Caunseling and carrier guidance, Domestic violence and local council capacity building programs",All,KAWEMPE I,,01 July 2005,,Open
16,COMESSA Uganda,COMESSA,National NGO,,,Protection,"Protection,Livelihood/Economic development and education",,,about 5000,"Psychosocial support, Caunseling and carrier guidance, Domestic violence and local council capacity building programs",All,NAKULABYE,,01 July 2005,,Open
11,IIED,IIED,National NGO,,,Research,Research,,,,Towards inclusive health systems and infrastructure access: Enhancing the well-being of refugees in East African cities’,All,KAMPALA,,01 September 2017,,01 January 2019
13,World Food programme (WFP),WFP,International Organisation / UN Agency,,,Research,Research/Assessment,,,,Assessment of Food Security and Nutrition in Kampala targeting ,All,,,01 July 2018,,01 October 2018
14,ACTogether Uganda,,National NGO,,,Health,Sanitation,,,500,Access to safe and affordable sanitation facilities,Rubaga,KABOWA,,15 September 2018,,30 September 2019
18,Plan International Uganda,,International NGO,,,Protection,"Social Assistance, Basic services",,,,The program 'Ni Yetu'  provides support and capacity building to CBOs that are involved in protection and SGBV activities.,All  ,,,1st July 2015,,01 January 2000
22,Refuge and Hope International,,International NGO,,,Protection,Social Services Advocacy,,,1350,"Family Support - Emergency food, medical care and rent assistance is provided during crisis. 
Psychosocial support is also available for beneficiaries
Advocacy is done through trainings.",Makindye,KANSANGA,,05 January 2018,,07 December 2018
22,Refuge and Hope International,,International NGO,,,Education,Youth Advocacy,,,100,"We want to unveil hidden potential in this vulnerable group who are in danger of missing crucial educational experience and help them heal through other activites like Leadership training, Sports, Music and Art.
Advocacy done through training and events (Home run - where we educate the community on refugee issues.)",Makindye,KANSANGA,,05 January 2018,,07 December 2018
14,ACTogether Uganda,,National NGO,,,Protection,,,,15000,"Promoting  Neighbourhood Safety through reducing violence and crime among young women and men. Key Outcomes are; Safe Neighbourhoods, Safe Public Transport and Access to Decent Work",All,BANDA,,01 July 2018,,31 August 2022
14,ACTogether Uganda,,National NGO,,,Protection,,,,15000,"Promoting  Neighbourhood Safety through reducing violence and crime among young women and men. Key Outcomes are; Safe Neighbourhoods, Safe Public Transport and Access to Decent Work",All,BWAISE II,,01 July 2018,,31 August 2022
14,ACTogether Uganda,,National NGO,,,Protection,,,,15000,"Promoting  Neighbourhood Safety through reducing violence and crime among young women and men. Key Outcomes are; Safe Neighbourhoods, Safe Public Transport and Access to Decent Work",All,KAGUGUBE,,01 July 2018,,31 August 2022
14,ACTogether Uganda,,National NGO,,,Protection,,,,15000,"Promoting  Neighbourhood Safety through reducing violence and crime among young women and men. Key Outcomes are; Safe Neighbourhoods, Safe Public Transport and Access to Decent Work",All,KAMWOKYA I,,01 July 2018,,31 August 2022
14,ACTogether Uganda,,National NGO,,,Protection,,,,15000,"Promoting  Neighbourhood Safety through reducing violence and crime among young women and men. Key Outcomes are; Safe Neighbourhoods, Safe Public Transport and Access to Decent Work",All,KATWE I,,01 July 2018,,31 August 2022
14,ACTogether Uganda,,National NGO,,,Protection,,,,15000,"Promoting  Neighbourhood Safety through reducing violence and crime among young women and men. Key Outcomes are; Safe Neighbourhoods, Safe Public Transport and Access to Decent Work",All,KIBUYE I,,01 July 2018,,31 August 2022
14,ACTogether Uganda,,National NGO,,,Protection,,,,15000,"Promoting  Neighbourhood Safety through reducing violence and crime among young women and men. Key Outcomes are; Safe Neighbourhoods, Safe Public Transport and Access to Decent Work",All,LUNGUJJA,,01 July 2018,,31 August 2022
14,ACTogether Uganda,,National NGO,,,Protection,,,,15000,"Promoting  Neighbourhood Safety through reducing violence and crime among young women and men. Key Outcomes are; Safe Neighbourhoods, Safe Public Transport and Access to Decent Work",All,MAKERERE III,,01 July 2018,,31 August 2022
14,ACTogether Uganda,,National NGO,,,Protection,,,,15000,"Promoting  Neighbourhood Safety through reducing violence and crime among young women and men. Key Outcomes are; Safe Neighbourhoods, Safe Public Transport and Access to Decent Work",All,MBUYA I,,01 July 2018,,31 August 2022
14,ACTogether Uganda,,National NGO,,,Protection,,,,15000,"Promoting  Neighbourhood Safety through reducing violence and crime among young women and men. Key Outcomes are; Safe Neighbourhoods, Safe Public Transport and Access to Decent Work",All,NANKULABYE,,01 July 2018,,31 August 2022
23,Lutherian World Federetion,LWF,International NGO,,,,,,,,,,,,,,
23,Lutherian World Federetion,LWF,International NGO,,,,,,,,,,,,,,
24,Finnish Refugee Council,,International NGO,,,,,,,,,,,,,,
24,Finnish Refugee Council,,International NGO,,,,,,,,,,,,,,
25,Humanitarian Open Street Map,,International NGO,,,,,,,,,,,,,,
